City_ID,City,Country,Date,Lat,Lng,Max Temp,Humidity,Cloudiness,Wind Speed
0,Bethel,US,2022-03-23 18:39:21,41.3712,-73.414,48.18,40,0,3.44
1,Yellowknife,CA,2022-03-23 18:35:02,62.456,-114.3525,13.41,86,100,9.22
2,Biograd Na Moru,HR,2022-03-23 18:43:27,43.9433,15.4519,47.1,61,0,8.46
3,San Quintin,MX,2022-03-23 18:42:30,30.4833,-115.95,71.46,45,0,7.52
4,Umm Lajj,SA,2022-03-23 18:43:28,25.0213,37.2685,65.14,44,0,18.07
5,Ruteng,ID,2022-03-23 18:43:28,-8.6136,120.4721,62.67,92,100,0.92
6,Constitucion,CL,2022-03-23 18:43:29,-35.3333,-72.4167,60.03,54,6,13.0
7,Port Alfred,ZA,2022-03-23 18:43:29,-33.5906,26.891,74.16,72,100,6.24
8,Hermanus,ZA,2022-03-23 18:42:33,-34.4187,19.2345,70.81,88,100,8.66
9,Rio Gallegos,AR,2022-03-23 18:43:30,-51.6226,-69.2181,48.25,71,75,4.61
10,Ponta Do Sol,PT,2022-03-23 18:43:30,32.6667,-17.1,62.71,65,36,11.39
11,Rikitea,PF,2022-03-23 18:34:25,-23.1203,-134.9692,79.65,71,35,16.04
12,Hofn,IS,2022-03-23 18:43:30,64.2539,-15.2082,35.62,87,40,9.22
13,Hithadhoo,MV,2022-03-23 18:43:31,-0.6,73.0833,83.64,66,0,14.83
14,Ambovombe,MG,2022-03-23 18:43:31,-25.1667,46.0833,73.9,86,0,12.57
15,Kokoda,PG,2022-03-23 18:43:32,-8.8785,147.7407,73.02,93,68,1.63
16,Chokurdakh,RU,2022-03-23 18:43:32,70.6333,147.9167,-4.49,98,100,4.32
17,Ushuaia,AR,2022-03-23 18:34:58,-54.8,-68.3,47.86,46,75,10.36
18,Neuquen,AR,2022-03-23 18:40:58,-38.9516,-68.0591,62.49,29,20,18.41
19,Igarka,RU,2022-03-23 18:43:32,67.4667,86.5833,0.52,98,99,6.64
20,Barrow,US,2022-03-23 18:39:15,71.2906,-156.7887,-14.78,76,0,14.97
21,Butaritari,KI,2022-03-23 18:43:33,3.0707,172.7902,79.7,82,83,14.7
22,Manzhouli,CN,2022-03-23 18:43:33,49.6,117.4333,12.11,80,10,1.14
23,Chuy,UY,2022-03-23 18:39:14,-33.6971,-53.4616,79.16,64,100,12.39
24,Faanui,PF,2022-03-23 18:42:34,-16.4833,-151.75,80.49,74,96,11.99
25,Jamestown,US,2022-03-23 18:43:34,42.097,-79.2353,42.71,69,100,11.5
26,Hilo,US,2022-03-23 18:39:16,19.7297,-155.09,74.25,89,75,6.91
27,Mangit,UZ,2022-03-23 18:43:34,40.5971,70.9607,42.62,72,99,12.64
28,Busselton,AU,2022-03-23 18:39:20,-33.65,115.3333,56.03,81,0,12.15
29,Geraldton,AU,2022-03-23 18:39:22,-28.7667,114.6,75.61,33,0,12.66
30,Kapaa,US,2022-03-23 18:40:21,22.0752,-159.319,73.38,86,100,17.27
31,Keti Bandar,PK,2022-03-23 18:43:35,24.1447,67.4497,76.19,65,0,15.03
32,Saldanha,ZA,2022-03-23 18:43:35,-33.0117,17.9442,68.05,91,54,19.28
33,Humaita,BR,2022-03-23 18:43:36,-7.5061,-63.0208,83.19,83,100,3.44
34,Mataura,NZ,2022-03-23 18:43:36,-46.1927,168.8643,53.53,97,100,6.51
35,Victoria,HK,2022-03-23 18:39:56,22.2855,114.1577,63.95,91,100,5.01
36,Pisco,PE,2022-03-23 18:43:37,-13.7,-76.2167,75.25,57,0,6.91
37,Port Hedland,AU,2022-03-23 18:43:37,-20.3167,118.5667,86.05,84,100,8.05
38,Tasiilaq,GL,2022-03-23 18:41:03,65.6145,-37.6368,26.76,82,100,2.71
39,Vilyuysk,RU,2022-03-23 18:43:38,63.7553,121.6247,9.55,98,100,2.66
40,Avarua,CK,2022-03-23 18:43:38,-21.2078,-159.775,78.85,94,40,3.44
41,Lagoa,PT,2022-03-23 18:43:38,39.05,-27.9833,60.03,67,100,9.62
42,Ondjiva,AO,2022-03-23 18:43:39,-17.0667,15.7333,73.22,68,100,5.77
43,Vaini,TO,2022-03-23 18:39:16,-21.2,-175.2,73.56,100,100,1.14
44,Asfi,MA,2022-03-23 18:43:39,32.2994,-9.2372,58.23,65,0,14.67
45,Narsaq,GL,2022-03-23 18:43:39,60.9167,-46.05,34.02,70,100,2.15
46,Srednekolymsk,RU,2022-03-23 18:44:40,67.45,153.6833,-5.78,100,100,1.88
47,Tomatlan,MX,2022-03-23 18:44:40,19.9333,-105.25,91.18,15,1,8.9
48,Tuktoyaktuk,CA,2022-03-23 18:44:41,69.4541,-133.0374,-16.6,69,40,24.16
49,Sagarejo,GE,2022-03-23 18:44:41,41.734,45.3315,32.43,89,91,5.77
50,Bredasdorp,ZA,2022-03-23 18:34:46,-34.5322,20.0403,68.88,84,63,6.15
51,Tuburan,PH,2022-03-23 18:44:42,6.6439,122.2736,77.09,79,100,3.71
52,Lodja,CD,2022-03-23 18:44:42,-3.4833,23.4333,73.11,73,44,2.68
53,Cehegin,ES,2022-03-23 18:44:42,38.0924,-1.7985,47.37,94,100,6.33
54,Lorengau,PG,2022-03-23 18:44:43,-2.0226,147.2712,81.19,75,100,5.53
55,Faya,SA,2022-03-23 18:42:33,18.3851,42.4509,64.51,57,1,3.67
56,Key West,US,2022-03-23 18:44:14,24.5557,-81.7826,89.6,67,40,16.11
57,Richards Bay,ZA,2022-03-23 18:44:43,-28.783,32.0377,74.41,73,19,11.7
58,Alice Springs,AU,2022-03-23 18:44:43,-23.7,133.8833,72.95,32,40,6.91
59,Carutapera,BR,2022-03-23 18:44:44,-1.195,-46.02,81.84,79,73,7.4
60,Porbandar,IN,2022-03-23 18:44:44,21.6422,69.6093,77.11,62,6,11.65
61,Khatanga,RU,2022-03-23 18:42:31,71.9667,102.5,4.12,97,100,4.61
62,Wete,TZ,2022-03-23 18:44:45,-5.0559,39.7294,79.56,81,9,8.43
63,Medicine Hat,CA,2022-03-23 18:44:45,50.0501,-110.6683,65.84,39,75,16.11
64,Bontang,ID,2022-03-23 18:44:45,0.1333,117.5,79.72,84,100,5.48
65,Rio Grande,BR,2022-03-23 18:44:46,-32.035,-52.0986,84.31,78,100,17.02
66,Qaanaaq,GL,2022-03-23 18:44:46,77.484,-69.3632,-3.98,91,100,7.29
67,Gusau,NG,2022-03-23 18:44:46,12.1628,6.6614,90.84,12,29,7.0
68,Waingapu,ID,2022-03-23 18:44:47,-9.6567,120.2641,77.79,84,100,4.03
69,Arraial Do Cabo,BR,2022-03-23 18:44:47,-22.9661,-42.0278,82.36,54,20,17.27
70,Saint George,US,2022-03-23 18:44:47,37.1041,-113.5841,64.63,22,0,4.61
71,Bolcske,HU,2022-03-23 18:44:48,46.741,18.9674,53.17,34,0,3.44
72,Broken Hill,AU,2022-03-23 18:44:48,-31.95,141.4333,56.91,58,46,5.75
73,Road Town,VG,2022-03-23 18:39:50,18.4167,-64.6167,82.44,61,40,13.8
74,Abu Samrah,SY,2022-03-23 18:44:49,35.3029,37.1841,46.08,76,100,7.27
75,Cidreira,BR,2022-03-23 18:42:26,-30.1811,-50.2056,72.73,76,100,12.77
76,New Norfolk,AU,2022-03-23 18:44:49,-42.7826,147.0587,55.89,63,35,4.0
77,Sur,OM,2022-03-23 18:44:49,22.5667,59.5289,80.6,40,0,6.78
78,Jieshi,CN,2022-03-23 18:44:50,22.8134,115.8257,59.95,89,100,14.29
79,Ecoporanga,BR,2022-03-23 18:44:50,-18.3733,-40.8306,73.13,90,90,11.43
80,Tiksi,RU,2022-03-23 18:44:50,71.6872,128.8694,-14.55,100,51,3.91
81,Benguela,AO,2022-03-23 18:44:51,-12.5763,13.4055,79.07,86,100,1.59
82,Nikolskoye,RU,2022-03-23 18:39:24,59.7035,30.7861,32.81,98,23,2.73
83,Nyurba,RU,2022-03-23 18:44:51,63.2842,118.3319,4.96,99,100,3.38
84,Puerto Ayora,EC,2022-03-23 18:44:52,-0.7393,-90.3518,85.96,86,42,7.0
85,Albany,US,2022-03-23 18:41:02,42.6001,-73.9662,45.63,39,100,1.99
86,Abonnema,NG,2022-03-23 18:44:52,4.7084,6.7931,82.6,76,95,7.63
87,Cozumel,MX,2022-03-23 18:44:05,20.5083,-86.9458,86.95,65,12,8.01
88,Kruisfontein,ZA,2022-03-23 18:39:19,-34.0033,24.7314,64.89,97,99,5.46
89,Havelock,US,2022-03-23 18:41:57,34.8791,-76.9013,72.99,84,100,11.01
90,Trincomalee,LK,2022-03-23 18:44:53,8.5711,81.2335,79.75,83,5,7.85
91,Abalak,RU,2022-03-23 18:44:53,58.1286,68.5944,20.07,93,62,5.86
92,Fortuna,US,2022-03-23 18:45:54,40.5982,-124.1573,53.65,95,100,6.91
93,Zhezkazgan,KZ,2022-03-23 18:45:54,47.8043,67.7144,16.99,88,17,10.18
94,Coquimbo,CL,2022-03-23 18:45:54,-29.9533,-71.3436,67.12,67,0,12.06
95,Souillac,MU,2022-03-23 18:45:55,-20.5167,57.5167,80.98,83,40,11.5
96,Baoqing,CN,2022-03-23 18:45:55,46.3317,132.2111,22.17,96,33,1.03
97,Atambua,ID,2022-03-23 18:45:55,-9.1061,124.8925,72.73,90,84,0.67
98,Punta Arenas,CL,2022-03-23 18:45:56,-53.15,-70.9167,48.31,40,0,11.5
99,Atuona,PF,2022-03-23 18:45:56,-9.8,-139.0333,78.8,81,86,16.46
100,Christchurch,NZ,2022-03-23 18:41:27,-43.5333,172.6333,62.01,93,20,12.66
101,Asau,RO,2022-03-23 18:45:57,46.4333,26.4,42.96,47,0,5.19
102,Arica,CL,2022-03-23 18:45:16,-18.475,-70.3042,76.55,67,44,9.48
103,Carnarvon,AU,2022-03-23 18:45:57,-24.8667,113.6333,78.87,73,100,4.61
104,Touros,BR,2022-03-23 18:45:57,-5.1989,-35.4608,84.72,67,100,13.56
105,Biak,ID,2022-03-23 18:45:58,-0.9131,122.8766,72.72,85,100,1.32
106,Vardo,NO,2022-03-23 18:45:58,70.3705,31.1107,28.38,80,75,16.11
107,Bluff,NZ,2022-03-23 18:42:25,-46.6,168.3333,56.86,85,100,29.97
108,San Mateo Del Mar,MX,2022-03-23 18:45:58,16.2,-95.0,83.35,59,0,26.64
109,Bourail,NC,2022-03-23 18:45:59,-21.5667,165.4833,75.18,85,100,5.06
110,Batticaloa,LK,2022-03-23 18:45:59,7.7102,81.6924,79.21,84,17,6.96
111,Bisira,PA,2022-03-23 18:45:59,8.5196,-81.7115,71.87,63,67,6.04
112,Cape Town,ZA,2022-03-23 18:35:02,-33.9258,18.4232,70.12,76,20,19.57
113,Port Macquarie,AU,2022-03-23 18:46:00,-31.4333,152.9167,67.89,100,75,4.61
114,Son La,VN,2022-03-23 18:46:00,21.3167,103.9,65.37,97,99,3.27
115,Valdivia,CL,2022-03-23 18:46:01,-39.8142,-73.2459,58.95,46,91,7.36
116,Vila Velha,BR,2022-03-23 18:46:01,-20.3297,-40.2925,82.35,68,40,10.36
117,Quatre Cocos,MU,2022-03-23 18:44:54,-20.2078,57.7625,80.71,71,93,13.0
118,Port Elizabeth,ZA,2022-03-23 18:37:27,-33.918,25.5701,67.1,94,75,14.97
119,Cockburn Town,TC,2022-03-23 18:42:01,21.4612,-71.1419,78.01,70,0,21.21
120,Provideniya,RU,2022-03-23 18:46:02,64.3833,-173.3,8.31,72,0,5.21
121,Bar Harbor,US,2022-03-23 18:46:02,44.3876,-68.2039,49.6,42,0,10.36
122,Saint-Philippe,RE,2022-03-23 18:34:57,-21.3585,55.7679,80.19,86,50,12.15
123,Hammerfest,NO,2022-03-23 18:46:03,70.6634,23.6821,27.05,86,75,20.71
124,Mar Del Plata,AR,2022-03-23 18:46:03,-38.0023,-57.5575,71.62,100,40,17.0
125,Mahebourg,MU,2022-03-23 18:46:04,-20.4081,57.7,80.89,83,40,11.5
126,Norman Wells,CA,2022-03-23 18:42:20,65.282,-126.8329,-0.36,71,75,11.5
127,Agadir,MA,2022-03-23 18:46:04,30.4202,-9.5982,61.25,63,2,14.18
128,Victor Harbor,AU,2022-03-23 18:46:04,-35.5667,138.6167,57.99,81,100,7.09
129,Leningradskiy,RU,2022-03-23 18:46:05,69.3833,178.4167,3.16,87,100,4.21
130,Muros,ES,2022-03-23 18:46:05,42.7762,-9.0603,57.92,77,56,5.97
131,Cherskiy,RU,2022-03-23 18:39:13,68.75,161.3,0.57,100,97,1.77
132,Ribeira Grande,PT,2022-03-23 18:46:06,38.5167,-28.7,63.0,72,75,9.22
133,Beringovskiy,RU,2022-03-23 18:43:43,63.05,179.3167,10.13,97,100,3.2
134,Lokosovo,RU,2022-03-23 18:46:07,61.1333,74.8167,14.85,98,100,2.62
135,Coruripe,BR,2022-03-23 18:46:07,-10.1256,-36.1756,82.85,69,53,12.62
136,Mehamn,NO,2022-03-23 18:47:07,71.0357,27.8492,28.31,86,75,17.27
137,East London,ZA,2022-03-23 18:47:08,-33.0153,27.9116,74.34,83,0,5.75
138,Alofi,NU,2022-03-23 18:43:46,-19.0595,-169.9187,75.09,94,100,1.14
139,Mumbwa,ZM,2022-03-23 18:47:08,-14.9783,27.0619,65.61,93,100,3.51
140,Lebedyn,UA,2022-03-23 18:47:12,50.5852,34.4849,39.4,90,0,4.52
141,Kodiak,US,2022-03-23 18:47:13,57.79,-152.4072,29.71,100,100,3.44
142,Nanakuli,US,2022-03-23 18:47:13,21.3906,-158.1547,78.75,67,20,8.05
143,Henties Bay,NA,2022-03-23 18:47:14,-22.116,14.2845,66.29,86,0,3.87
144,Dongying,CN,2022-03-23 18:47:14,37.4564,118.4856,49.69,69,0,4.29
145,Nanortalik,GL,2022-03-23 18:42:26,60.1432,-45.2371,29.7,76,100,4.16
146,Cabo San Lucas,MX,2022-03-23 18:41:12,22.8909,-109.9124,85.6,44,0,1.01
147,Hamilton,US,2022-03-23 18:47:15,39.1834,-84.5333,69.98,79,40,14.97
148,Ponta Delgada,PT,2022-03-23 18:47:15,37.7333,-25.6667,66.51,67,75,6.91
149,Lisburn,GB,2022-03-23 18:47:16,54.5234,-6.0353,54.84,59,8,6.91
150,Gat,IL,2022-03-23 18:47:16,31.61,34.7642,51.82,100,88,4.03
151,Tuy Hoa,VN,2022-03-23 18:47:16,13.0833,109.3,76.28,93,61,1.66
152,Ampanihy,MG,2022-03-23 18:47:17,-24.7,44.75,74.16,76,0,5.37
153,Yar-Sale,RU,2022-03-23 18:47:17,66.8333,70.8333,2.86,98,56,5.7
154,Celestun,MX,2022-03-23 18:47:17,20.8667,-90.4,80.62,73,100,10.54
155,Mayumba,GA,2022-03-23 18:47:18,-3.432,10.6554,79.57,90,93,4.0
156,Hualmay,PE,2022-03-23 18:47:18,-11.0964,-77.6139,74.61,72,25,10.78
157,Choszczno,PL,2022-03-23 18:47:18,53.169,15.4205,52.68,64,0,7.74
158,Castro,BR,2022-03-23 18:42:34,-24.7911,-50.0119,73.8,69,100,8.39
159,Ayan,RU,2022-03-23 18:47:19,56.45,138.1667,10.35,86,3,7.49
160,Salalah,OM,2022-03-23 18:47:19,17.0151,54.0924,78.89,73,0,1.14
161,Shubarkuduk,KZ,2022-03-23 18:47:20,49.1447,56.4872,12.27,98,77,5.59
162,Spearfish,US,2022-03-23 18:43:43,44.4908,-103.8594,50.85,19,0,13.8
163,Lebu,CL,2022-03-23 18:39:25,-37.6167,-73.65,58.1,56,3,15.12
164,Kemijarvi,FI,2022-03-23 18:47:20,66.7131,27.4306,34.92,93,100,12.19
165,Pitimbu,BR,2022-03-23 18:47:21,-7.4706,-34.8086,86.59,71,41,12.64
166,Nagapattinam,IN,2022-03-23 18:47:21,10.7667,79.8333,81.3,85,7,8.59
167,Saint-Prosper,CA,2022-03-23 18:47:21,46.2117,-70.4811,35.89,75,100,8.3
168,Jiayuguan,CN,2022-03-23 18:47:22,39.8167,98.3,38.26,44,100,11.77
169,Namatanai,PG,2022-03-23 18:47:22,-3.6667,152.4333,79.3,81,100,5.95
170,Hobart,AU,2022-03-23 18:45:02,-42.8794,147.3294,56.23,75,21,8.05
171,Fort Nelson,CA,2022-03-23 18:47:23,58.8053,-122.7002,18.99,86,100,4.61
172,Yatou,CN,2022-03-23 18:47:23,37.15,122.3833,43.95,90,0,10.71
173,Coahuayana,MX,2022-03-23 18:47:23,18.7333,-103.6833,89.55,30,6,8.1
174,Buchanan,LR,2022-03-23 18:47:24,5.8808,-10.0467,80.55,81,97,5.68
175,Mount Gambier,AU,2022-03-23 18:47:24,-37.8333,140.7667,48.11,93,100,0.0
176,Hirara,JP,2022-03-23 18:47:24,24.8,125.2833,67.17,75,100,18.21
177,Shakiso,ET,2022-03-23 18:47:25,5.75,38.9167,60.82,89,58,4.18
178,Mugur-Aksy,RU,2022-03-23 18:47:25,50.35,90.5,-10.41,85,100,6.76
179,Mogadishu,SO,2022-03-23 18:46:13,2.0371,45.3438,80.47,81,16,14.23
180,Birobidzhan,RU,2022-03-23 18:48:26,48.8,132.95,21.67,98,100,2.55
181,Sisimiut,GL,2022-03-23 18:48:26,66.9395,-53.6735,7.0,83,5,3.85
182,Adeje,ES,2022-03-23 18:45:25,28.1227,-16.726,65.28,57,75,5.75
183,Kashi,CN,2022-03-23 18:48:26,39.4547,75.9797,58.21,17,57,8.95
184,Bambous Virieux,MU,2022-03-23 18:48:27,-20.3428,57.7575,80.85,83,40,11.5
185,Palu,ID,2022-03-23 18:48:27,-0.8917,119.8707,75.74,85,100,4.34
186,Northam,GB,2022-03-23 18:48:27,51.0333,-4.2167,53.38,82,9,6.4
187,Aykhal,RU,2022-03-23 18:48:28,66.0,111.5,-11.97,100,89,1.88
188,Saskylakh,RU,2022-03-23 18:48:28,71.9167,114.0833,-8.97,99,98,5.44
189,Torbay,CA,2022-03-23 18:48:29,47.6666,-52.7314,35.28,80,75,9.22
190,Cururupu,BR,2022-03-23 18:48:29,-1.8283,-44.8683,80.04,91,98,4.9
191,Samarai,PG,2022-03-23 18:48:29,-10.6167,150.6667,81.01,79,53,3.2
192,Oranjemund,NA,2022-03-23 18:48:30,-28.55,16.4333,64.8,92,37,4.54
193,Manadhoo,MV,2022-03-23 18:48:30,5.7667,73.3833,82.98,65,0,9.73
194,Nago,JP,2022-03-23 18:48:31,26.5881,127.9761,63.45,72,100,10.87
195,Dikson,RU,2022-03-23 18:39:14,73.5069,80.5464,6.04,92,100,9.6
196,Strathpeffer,GB,2022-03-23 18:48:31,57.588,-4.5382,63.57,62,4,3.83
197,Morondava,MG,2022-03-23 18:48:32,-20.2833,44.2833,80.92,74,8,1.68
198,The Valley,AI,2022-03-23 18:48:32,18.217,-63.0578,84.34,58,40,16.11
199,Codrington,AU,2022-03-23 18:39:23,-38.2667,141.9667,58.03,60,100,4.94
200,Deputatskiy,RU,2022-03-23 18:48:33,69.3,139.9,-4.47,99,100,2.39
201,Helong,CN,2022-03-23 18:48:33,42.5397,128.9972,28.13,95,65,4.34
202,Polovinnoye,RU,2022-03-23 18:48:34,54.7914,65.9864,31.39,89,100,17.02
203,Dumas,US,2022-03-23 18:48:34,35.8656,-101.9732,46.54,31,40,31.07
204,Margate,GB,2022-03-23 18:48:34,51.3813,1.3862,54.3,61,0,1.01
205,Gouyave,GD,2022-03-23 18:45:59,12.1646,-61.7296,83.17,65,20,25.32
206,Kaikalur,IN,2022-03-23 18:48:35,16.5667,81.2,81.45,78,100,7.56
207,Bud,US,2022-03-23 18:48:35,39.447,-86.1758,64.42,85,100,17.13
208,Kamloops,CA,2022-03-23 18:47:03,50.6665,-120.3192,56.39,54,40,28.77
209,Zhigansk,RU,2022-03-23 18:48:35,66.7697,123.3711,9.57,96,100,7.78
210,Marystown,CA,2022-03-23 18:48:36,47.1666,-55.1483,36.86,100,97,13.0
211,Sedhiou,SN,2022-03-23 18:48:36,12.7081,-15.5569,96.04,13,6,5.61
212,Upernavik,GL,2022-03-23 18:48:36,72.7868,-56.1549,-2.72,93,87,2.8
213,Half Moon Bay,US,2022-03-23 18:45:33,37.4636,-122.4286,72.88,79,100,12.66
214,Houma,US,2022-03-23 18:48:37,29.5958,-90.7195,66.2,51,0,8.99
215,Pangnirtung,CA,2022-03-23 18:46:18,66.1451,-65.7125,-5.8,77,100,3.44
216,Manamadurai,IN,2022-03-23 18:48:37,9.7,78.4833,83.1,65,32,2.73
217,Thompson,CA,2022-03-23 18:48:38,55.7435,-97.8558,32.16,80,100,8.05
218,Hokitika,NZ,2022-03-23 18:48:38,-42.7167,170.9667,62.02,87,30,0.43
219,Kijang,KR,2022-03-23 18:48:38,35.2442,129.2139,42.53,45,0,4.34
220,Longyearbyen,SJ,2022-03-23 18:39:12,78.2186,15.6401,-0.56,60,20,9.22
221,Puerto Madryn,AR,2022-03-23 18:48:39,-42.7692,-65.0385,67.5,24,2,19.01
222,Kozluk,TR,2022-03-23 18:48:39,38.1938,41.4885,37.65,99,100,3.8
223,Elektrenai,LT,2022-03-23 18:49:40,54.7667,24.6333,47.48,64,0,11.99
224,Laramie,US,2022-03-23 18:48:37,41.3114,-105.5911,40.96,35,0,24.16
225,Venice,US,2022-03-23 18:46:28,27.0998,-82.4543,86.99,79,0,19.57
226,Marsa Matruh,EG,2022-03-23 18:49:40,31.3525,27.2453,50.2,76,75,16.11
227,Macherla,IN,2022-03-23 18:49:41,16.4833,79.4333,82.71,67,99,10.67
228,Batalha,BR,2022-03-23 18:49:41,-9.6778,-37.1247,84.4,62,96,13.2
229,Marathon,US,2022-03-23 18:49:41,44.9,-89.7668,36.19,93,100,8.68
230,Les Cayes,HT,2022-03-23 18:49:42,18.2,-73.75,84.0,59,2,15.48
231,Santa Maria Del Oro,MX,2022-03-23 18:49:42,25.9333,-105.3667,68.16,13,0,7.87
232,Roswell,US,2022-03-23 18:49:42,34.0232,-84.3616,78.48,73,75,17.27
233,Karratha,AU,2022-03-23 18:45:01,-20.7377,116.8463,87.69,61,99,15.08
234,Dongkan,CN,2022-03-23 18:49:42,33.9997,119.8308,42.26,93,0,6.78
235,Namibe,AO,2022-03-23 18:49:43,-15.1961,12.1522,75.45,83,96,6.31
236,Red Bluff,US,2022-03-23 18:47:51,40.1785,-122.2358,77.52,40,0,3.44
237,Cambridge,CA,2022-03-23 18:45:31,43.3601,-80.3127,35.82,88,100,24.16
238,Balkhash,KZ,2022-03-23 18:49:43,46.844,74.9804,29.17,73,8,15.05
239,Imeni Poliny Osipenko,RU,2022-03-23 18:49:44,52.4201,136.4853,0.28,100,98,1.43
240,San Patricio,US,2022-03-23 18:42:26,28.017,-97.5169,71.69,22,0,7.56
241,Westport,US,2022-03-23 18:49:44,41.1415,-73.3579,48.45,46,0,9.22
242,Berlevag,NO,2022-03-23 18:49:45,70.8578,29.0864,28.35,74,75,17.27
243,Lake Charles,US,2022-03-23 18:49:45,30.2131,-93.2044,66.18,35,0,20.71
244,Grand Gaube,MU,2022-03-23 18:47:38,-20.0064,57.6608,81.0,81,60,3.0
245,Prieska,ZA,2022-03-23 18:49:46,-29.6641,22.7474,66.24,69,100,2.98
246,Carayao,PY,2022-03-23 18:49:46,-25.1833,-56.4,86.68,64,31,5.41
247,Rapar,IN,2022-03-23 18:49:46,23.5667,70.6333,78.21,40,4,13.02
248,Lakatoro,VU,2022-03-23 18:49:47,-16.0999,167.4164,78.57,87,100,7.99
249,Zlitan,LY,2022-03-23 18:49:47,32.4674,14.5687,55.81,61,16,10.38
250,Emirdag,TR,2022-03-23 18:49:47,39.0197,31.15,29.19,88,66,4.0
251,Viedma,AR,2022-03-23 18:49:48,-40.8135,-62.9967,68.99,32,100,11.27
252,Port Hardy,CA,2022-03-23 18:49:48,50.6996,-127.4199,48.2,76,75,3.44
253,Uvinza,TZ,2022-03-23 18:49:48,-5.1036,30.3911,66.52,95,23,2.19
254,Honningsvag,NO,2022-03-23 18:49:49,70.9821,25.9704,28.15,74,75,19.57
255,Tkibuli,GE,2022-03-23 18:49:49,42.3477,42.9981,38.44,68,99,19.35
256,Dubki,RU,2022-03-23 18:49:49,43.0225,46.8372,25.9,76,3,8.41
257,Vieste,IT,2022-03-23 18:49:50,41.8825,16.175,52.86,69,0,14.07
258,Gushikawa,JP,2022-03-23 18:49:50,26.3544,127.8686,63.63,88,100,6.91
259,Blagodatnoye,RU,2022-03-23 18:49:50,45.3997,42.5867,34.72,61,0,15.1
260,Kloulklubed,PW,2022-03-23 18:49:51,7.0419,134.2556,77.5,76,70,12.39
261,Mansa,IN,2022-03-23 18:49:51,29.9833,75.3833,74.57,16,69,3.85
262,Pombas,CV,2022-03-23 18:49:51,17.1503,-25.0201,71.38,74,5,16.53
263,Severo-Kurilsk,RU,2022-03-23 18:49:52,50.6789,156.125,26.49,74,26,10.29
264,Adrar,MR,2022-03-23 18:49:52,20.5022,-10.0711,82.78,10,0,6.67
265,Dubuque,US,2022-03-23 18:48:24,42.4833,-90.8668,45.63,85,100,12.66
266,Poya,NC,2022-03-23 18:49:53,-21.35,165.15,75.83,86,100,5.21
267,Kavieng,PG,2022-03-23 18:42:37,-2.5744,150.7967,81.16,78,100,7.38
268,Puerto Del Rosario,ES,2022-03-23 18:49:53,28.5004,-13.8627,65.95,48,40,18.41
269,Caconda,AO,2022-03-23 18:49:53,-13.7333,15.0667,61.77,93,100,4.79
270,Flinders,AU,2022-03-23 18:49:54,-34.5833,150.8552,67.17,82,100,4.0
271,Pevek,RU,2022-03-23 18:49:54,69.7008,170.3133,13.6,83,100,9.48
272,Nelson Bay,AU,2022-03-23 18:50:54,-32.7167,152.15,68.09,91,100,1.01
273,Shellbrook,CA,2022-03-23 18:50:55,53.2168,-106.4011,38.43,95,98,9.57
274,Myaundzha,RU,2022-03-23 18:50:55,63.0494,147.1858,-4.0,100,99,1.57
275,Rincon,US,2022-03-23 18:50:55,32.296,-81.2354,71.56,95,100,17.27
276,Brae,GB,2022-03-23 18:50:56,60.3964,-1.353,48.52,83,86,11.23
277,Esperance,AU,2022-03-23 18:47:33,-33.8667,121.9,57.04,76,46,5.61
278,Tazovskiy,RU,2022-03-23 18:50:56,67.4667,78.7,5.05,95,80,12.97
279,Port Lincoln,AU,2022-03-23 18:50:57,-34.7333,135.8667,58.77,75,7,7.9
280,Tiznit,MA,2022-03-23 18:50:57,29.5833,-9.5,53.28,79,91,13.8
281,Lavrentiya,RU,2022-03-23 18:50:58,65.5833,-171.0,-2.27,75,1,4.43
282,Inhambane,MZ,2022-03-23 18:46:54,-23.865,35.3833,75.18,83,20,5.01
283,Noumea,NC,2022-03-23 18:47:55,-22.2763,166.4572,79.0,99,98,6.96
284,Newport,GB,2022-03-23 18:50:58,51.5877,-2.9984,59.11,73,100,1.92
285,Te Anau,NZ,2022-03-23 18:50:07,-45.4167,167.7167,55.53,85,100,6.93
286,Campbell River,CA,2022-03-23 18:50:59,50.0163,-125.2446,46.78,76,75,9.22
287,Amuntai,ID,2022-03-23 18:50:59,-2.4177,115.2494,73.71,87,100,0.67
288,Abnub,EG,2022-03-23 18:50:59,27.2696,31.1511,57.42,23,0,8.63
289,Kaitangata,NZ,2022-03-23 18:51:00,-46.2817,169.8464,58.62,82,100,11.48
290,Panaba,MX,2022-03-23 18:51:00,21.2833,-88.2667,98.13,22,8,11.9
291,Rawson,AR,2022-03-23 18:51:00,-43.3002,-65.1023,67.84,28,4,14.2
292,Aksarka,RU,2022-03-23 18:51:01,66.5606,67.7975,14.07,89,91,9.51
293,Georgetown,MY,2022-03-23 18:51:01,5.4112,100.3354,81.95,88,20,5.99
294,Camacha,PT,2022-03-23 18:51:02,33.0833,-16.3333,58.42,59,40,23.02
295,Weligama,LK,2022-03-23 18:51:02,5.9667,80.4167,78.64,82,51,5.82
296,Bengkulu,ID,2022-03-23 18:51:02,-3.8004,102.2655,75.96,86,100,4.29
297,Junagarh,IN,2022-03-23 18:51:03,19.8667,82.9333,78.66,54,14,4.59
298,Vila Franca Do Campo,PT,2022-03-23 18:51:03,37.7167,-25.4333,66.2,63,62,7.0
299,Kargasok,RU,2022-03-23 18:51:03,59.0556,80.8572,18.19,96,100,6.2
300,Hami,CN,2022-03-23 18:42:30,42.8,93.45,44.19,34,100,18.75
301,Pacific Grove,US,2022-03-23 18:47:00,36.6177,-121.9166,71.38,91,100,11.01
302,Cap Malheureux,MU,2022-03-23 18:51:04,-19.9842,57.6142,80.47,80,48,5.99
303,Opuwo,NA,2022-03-23 18:51:05,-18.0607,13.84,69.35,84,100,6.67
304,Ilulissat,GL,2022-03-23 18:50:37,69.2167,-51.1,-2.07,93,12,4.99
305,Tam Ky,VN,2022-03-23 18:51:05,15.5667,108.4833,75.18,94,100,2.77
306,Tombouctou,ML,2022-03-23 18:51:06,20.0,-3.0,82.06,7,0,11.88
307,Iranduba,BR,2022-03-23 18:51:06,-3.2847,-60.1861,86.32,71,86,2.86
308,Teahupoo,PF,2022-03-23 18:51:06,-17.8333,-149.2667,76.96,75,98,13.69
309,Waipawa,NZ,2022-03-23 18:51:07,-41.4122,175.5153,59.16,98,100,5.46
310,Kristiinankaupunki,FI,2022-03-23 18:51:07,62.2743,21.376,33.66,94,6,6.64
311,Araouane,ML,2022-03-23 18:51:08,18.9048,-3.5265,81.57,9,0,6.46
312,Rorvik,NO,2022-03-23 18:51:08,64.8621,11.2373,44.71,81,75,19.57
313,Sao Filipe,CV,2022-03-23 18:42:29,14.8961,-24.4956,71.35,74,0,10.49
314,Jacareacanga,BR,2022-03-23 18:51:09,-6.2222,-57.7528,84.76,79,100,2.17
315,Gummidipundi,IN,2022-03-23 18:52:09,13.4,80.15,84.2,90,82,6.08
316,Coachella,US,2022-03-23 18:52:09,33.6803,-116.1739,84.76,10,0,7.0
317,Grand-Lahou,CI,2022-03-23 18:52:10,5.1367,-5.0242,80.76,85,91,8.19
318,Charters Towers,AU,2022-03-23 18:52:10,-20.1,146.2667,68.11,86,0,6.44
319,Lianzhou,CN,2022-03-23 18:52:10,24.7811,112.3825,53.51,95,100,1.7
320,Nantucket,US,2022-03-23 18:52:11,41.2835,-70.0995,44.74,49,0,8.05
321,Ca Mau,VN,2022-03-23 18:52:11,9.1769,105.15,79.2,84,27,2.62
322,Sept-Iles,CA,2022-03-23 18:52:11,50.2001,-66.3821,37.92,38,20,16.11
323,Belaya Gora,RU,2022-03-23 18:52:12,68.5333,146.4167,-0.06,98,100,1.9
324,Alcudia,ES,2022-03-23 18:52:12,39.8532,3.1214,56.19,80,100,20.78
325,Aswan,EG,2022-03-23 18:48:47,24.0934,32.907,65.5,17,0,8.05
326,Andijon,UZ,2022-03-23 18:52:13,40.7821,72.3442,36.68,91,100,5.39
327,Murmino,RU,2022-03-23 18:52:13,54.6036,40.0544,29.17,96,91,5.79
328,Maceio,BR,2022-03-23 18:49:59,-9.6658,-35.7353,80.04,89,75,5.75
329,Muroto,JP,2022-03-23 18:52:14,33.2833,134.15,51.67,77,72,6.89
330,Dunedin,NZ,2022-03-23 18:51:40,-45.8742,170.5036,58.5,84,46,4.63
331,Ambon,ID,2022-03-23 18:52:14,-3.6954,128.1814,75.34,94,40,4.61
332,Okhotsk,RU,2022-03-23 18:52:15,59.3833,143.3,7.99,96,98,2.66
333,Nioro,GM,2022-03-23 18:52:15,13.35,-15.75,86.95,29,4,12.86
334,Kilkis,GR,2022-03-23 18:52:15,40.9919,22.8708,49.28,58,0,2.46
335,Xinyang,CN,2022-03-23 18:52:16,32.1228,114.0656,45.34,93,0,7.45
336,Broome,US,2022-03-23 18:52:16,42.2506,-75.833,48.09,42,75,11.5
337,Ayagoz,KZ,2022-03-23 18:52:16,47.9714,80.4392,16.68,90,100,16.11
338,Kudahuvadhoo,MV,2022-03-23 18:52:17,2.6708,72.8944,82.9,66,43,13.6
339,Pangody,RU,2022-03-23 18:52:17,65.85,74.4859,17.1,95,99,11.74
340,Mayo,US,2022-03-23 18:52:17,38.8876,-76.5119,51.98,82,100,11.5
341,Ugoofaaru,MV,2022-03-23 18:52:18,5.6667,73.0,82.8,65,1,10.38
342,Arlit,NE,2022-03-23 18:52:18,18.7369,7.3853,81.99,11,4,15.39
343,Bay Roberts,CA,2022-03-23 18:52:19,47.5999,-53.2648,36.05,73,86,8.01
344,Naze,JP,2022-03-23 18:52:19,28.3667,129.4833,58.12,66,42,15.7
345,Loksa,EE,2022-03-23 18:50:03,59.5764,25.7214,33.93,92,12,5.39
346,Buritis,BR,2022-03-23 18:52:19,-15.6178,-46.4233,84.7,49,84,4.21
347,Teluknaga,ID,2022-03-23 18:52:20,-6.0989,106.6381,83.61,94,20,2.3
348,Wrzesnia,PL,2022-03-23 18:52:20,52.3251,17.5652,48.87,54,0,7.56
349,Shima,CN,2022-03-23 18:52:21,24.4478,117.8111,55.42,88,100,4.59
350,Parrita,CR,2022-03-23 18:52:21,9.5201,-84.3225,86.95,65,16,7.45
351,North Bend,US,2022-03-23 18:52:21,43.4065,-124.2243,59.23,90,75,9.22
352,Amot,NO,2022-03-23 18:52:22,59.5714,7.9877,31.75,81,37,6.11
353,Arawa,PG,2022-03-23 18:52:22,-6.2132,155.5367,75.07,91,87,1.52
354,Chabahar,IR,2022-03-23 18:52:22,25.2919,60.643,76.66,67,0,11.18
355,Tahta,EG,2022-03-23 18:52:23,26.7693,31.5021,56.32,22,0,7.52
356,Kropotkin,RU,2022-03-23 18:52:23,45.4375,40.5756,38.64,51,3,15.9
357,Iqaluit,CA,2022-03-23 18:52:24,63.7506,-68.5145,-0.67,78,100,0.0
358,Hasaki,JP,2022-03-23 18:52:24,35.7333,140.8333,36.0,88,100,21.32
359,Bara,NG,2022-03-23 18:52:24,10.3744,10.7288,87.69,15,95,6.33
360,Safranbolu,TR,2022-03-23 18:52:25,41.2508,32.6942,32.31,97,98,2.98
361,Tocopilla,CL,2022-03-23 18:51:53,-22.092,-70.1979,71.92,66,19,13.11
362,Erenhot,CN,2022-03-23 18:53:25,43.6475,111.9767,37.17,52,100,9.95
363,Hobyo,SO,2022-03-23 18:53:26,5.3505,48.5268,80.65,75,0,14.27
364,Isiro,CD,2022-03-23 18:53:26,2.7739,27.616,64.36,98,100,2.86
365,Lebyazhye,RU,2022-03-23 18:53:26,55.2689,66.4947,29.84,91,100,15.35
366,Hailey,US,2022-03-23 18:53:27,43.5196,-114.3153,51.66,50,0,11.5
367,Hongjiang,CN,2022-03-23 18:53:27,27.11,109.9956,51.98,88,66,2.51
368,Nava,MX,2022-03-23 18:53:27,28.4167,-100.7667,64.98,23,51,8.99
369,Yerbogachen,RU,2022-03-23 18:53:28,61.2767,108.0108,3.74,100,100,2.75
370,Stornoway,GB,2022-03-23 18:53:28,58.2093,-6.3865,51.93,65,0,11.5
371,Kuala Lipis,MY,2022-03-23 18:53:28,4.1842,102.0468,74.44,98,95,0.87
372,Lianran,CN,2022-03-23 18:53:29,24.9227,102.485,55.94,97,99,2.62
373,Aklavik,CA,2022-03-23 18:53:29,68.2191,-135.0107,-13.0,70,100,13.8
374,Dudinka,RU,2022-03-23 18:53:30,69.4058,86.1778,6.62,93,100,12.26
375,Zhuhai,CN,2022-03-23 18:53:30,22.2769,113.5678,62.31,94,40,11.5
376,Severobaykalsk,RU,2022-03-23 18:53:30,55.65,109.3167,11.35,86,100,6.2
377,Tiarei,PF,2022-03-23 18:53:31,-17.5333,-149.3333,82.42,75,88,13.06
378,Paita,PE,2022-03-23 18:53:31,-5.0892,-81.1144,79.99,63,35,17.49
379,Bonavista,CA,2022-03-23 18:53:31,48.6499,-53.1147,30.47,82,90,9.82
380,Erice,IT,2022-03-23 18:53:32,38.037,12.5865,46.87,82,0,5.75
381,Isangel,VU,2022-03-23 18:53:32,-19.55,169.2667,77.11,94,100,3.44
382,Sitka,US,2022-03-23 18:53:32,57.0531,-135.33,37.29,87,100,9.22
383,Tigzirt,DZ,2022-03-23 18:53:33,36.8886,4.1198,55.36,84,99,9.93
384,Buala,SB,2022-03-23 18:53:33,-8.145,159.5921,78.31,83,90,1.97
385,Liverpool,GB,2022-03-23 18:51:01,53.4106,-2.9779,59.65,53,0,6.91
386,Avera,US,2022-03-23 18:53:33,33.194,-82.5271,73.45,95,100,13.94
387,Sola,VU,2022-03-23 18:53:34,-13.8833,167.55,74.07,100,75,0.0
388,Ancud,CL,2022-03-23 18:53:34,-41.8697,-73.8203,52.23,60,68,14.7
389,Monster,NL,2022-03-23 18:53:34,52.0258,4.175,58.89,59,4,1.14
390,Esqueda,MX,2022-03-23 18:53:35,30.7167,-109.5833,59.9,18,0,15.99
391,Curvelo,BR,2022-03-23 18:53:35,-18.7564,-44.4308,78.73,59,100,6.4
392,Kidal,ML,2022-03-23 18:53:36,18.4411,1.4078,86.13,7,1,9.95
393,Spirit River,CA,2022-03-23 18:53:36,55.7833,-118.8361,46.83,72,100,15.43
394,Sorsk,RU,2022-03-23 18:53:36,54.0033,90.2467,9.79,90,100,7.83
395,Bubaque,GW,2022-03-23 18:53:37,11.2833,-15.8333,75.45,71,58,14.41
396,Kendari,ID,2022-03-23 18:53:37,-3.945,122.4989,74.95,92,99,2.91
397,Marihatag,PH,2022-03-23 18:53:38,8.7936,126.2969,76.57,90,100,5.55
398,Ahipara,NZ,2022-03-23 18:53:38,-35.1667,173.1667,65.82,82,76,14.38
399,Zapolyarnyy,RU,2022-03-23 18:53:38,69.4154,30.8136,25.88,96,100,18.43
400,Staraya Poltavka,RU,2022-03-23 18:53:39,50.4772,46.4814,34.32,87,100,7.38
401,Padang,ID,2022-03-23 18:53:39,-0.9492,100.3543,75.96,76,7,4.45
402,Kabo,CF,2022-03-23 18:53:39,7.6994,18.629,89.28,21,99,4.12
403,Santiago De Cao,PE,2022-03-23 18:53:40,-7.9589,-79.2392,71.73,73,0,11.5
404,Iwanai,JP,2022-03-23 18:53:40,42.9744,140.5089,32.16,90,100,3.78
405,Hirado,JP,2022-03-23 18:53:40,33.3597,129.5531,51.58,61,1,7.87
406,Lososina,RU,2022-03-23 18:53:41,48.9975,140.3106,19.24,90,99,3.67
407,Portland,US,2022-03-23 18:50:48,45.5234,-122.6762,60.53,87,100,10.0
408,Sudak,UA,2022-03-23 18:53:41,44.85,34.9667,39.06,74,0,12.37
409,Ratnagiri,IN,2022-03-23 18:53:41,16.9833,73.3,78.94,81,68,2.55
410,Guerrero Negro,MX,2022-03-23 18:54:42,27.9769,-114.0611,80.37,21,0,7.36
411,Kirakira,SB,2022-03-23 18:54:42,-10.4544,161.9205,79.18,81,100,1.05
412,Leland,US,2022-03-23 18:53:00,34.2563,-78.0447,77.05,80,100,19.57
413,Ouadda,CF,2022-03-23 18:54:43,8.0777,22.4007,83.59,27,69,5.17
414,Tilichiki,RU,2022-03-23 18:54:43,60.4667,166.1,11.05,99,93,0.67
415,Okahandja,NA,2022-03-23 18:54:43,-21.9833,16.9167,71.15,66,81,8.46
416,Kalmunai,LK,2022-03-23 18:54:44,7.4167,81.8167,78.28,86,68,7.9
417,Sehithwa,BW,2022-03-23 18:54:44,-20.4667,22.7167,75.63,46,75,5.03
418,Luderitz,NA,2022-03-23 18:54:44,-26.6481,15.1594,64.72,88,0,11.45
419,Paamiut,GL,2022-03-23 18:54:45,61.994,-49.6678,20.71,86,17,12.03
420,Nouadhibou,MR,2022-03-23 18:54:45,20.931,-17.0347,67.98,68,0,21.85
421,Vao,NC,2022-03-23 18:54:45,-22.6667,167.4833,76.91,64,40,11.68
422,Teguise,ES,2022-03-23 18:50:16,29.0605,-13.564,61.02,55,40,16.11
423,Aguai,BR,2022-03-23 18:54:46,-22.0594,-46.9786,87.1,57,95,4.45
424,Coihaique,CL,2022-03-23 18:54:46,-45.5752,-72.0662,54.21,66,75,4.61
425,Ilorin,NG,2022-03-23 18:54:47,8.5,4.55,90.72,40,100,8.23
426,Beloye,UA,2022-03-23 18:54:47,48.4952,39.0505,38.5,46,0,2.93
427,Sistranda,NO,2022-03-23 18:54:47,63.7256,8.834,44.56,70,100,32.99
428,Comodoro Rivadavia,AR,2022-03-23 18:54:48,-45.8667,-67.5,51.66,71,75,16.11
429,Skjervoy,NO,2022-03-23 18:54:48,70.0311,20.9714,33.8,82,100,13.82
430,Taquarana,BR,2022-03-23 18:54:48,-9.645,-36.4972,80.1,72,100,11.54
431,Sao Jose Da Coroa Grande,BR,2022-03-23 18:52:14,-8.8978,-35.1478,81.45,76,57,10.27
432,Corinto,GR,2022-03-23 18:54:49,37.9407,22.9573,49.41,51,54,13.96
433,Myitkyina,MM,2022-03-23 18:54:49,25.3833,97.4,67.53,92,5,0.27
434,Elat,IL,2022-03-23 18:54:50,29.5581,34.9482,60.64,21,0,2.3
435,Ust-Ishim,RU,2022-03-23 18:54:50,57.6935,71.1665,23.31,96,100,7.74
436,Lively,CA,2022-03-23 18:54:50,46.4334,-81.1498,38.01,45,100,11.74
437,Guanare,VE,2022-03-23 18:54:51,9.0418,-69.7421,97.5,24,71,4.21
438,Shiggaon,IN,2022-03-23 18:54:51,15.0,75.2333,76.8,75,89,9.4
439,Havre-Saint-Pierre,CA,2022-03-23 18:54:52,50.2334,-63.5986,37.76,41,0,14.97
440,Kita,ML,2022-03-23 18:54:52,13.0349,-9.4895,95.79,15,36,1.74
441,Hovd,MN,2022-03-23 18:54:52,48.0056,91.6419,18.16,31,14,0.94
442,Bundaberg,AU,2022-03-23 18:54:53,-24.85,152.35,66.49,97,40,0.0
443,Koulamoutou,GA,2022-03-23 18:54:53,-1.1303,12.4736,78.89,69,57,2.64
444,Tambura,SS,2022-03-23 18:54:53,5.6,27.4667,78.28,51,87,2.98
445,San Martin,AR,2022-03-23 18:54:54,-33.081,-68.4681,84.74,16,0,5.97
446,Burnie,AU,2022-03-23 18:54:54,-41.0667,145.9167,52.23,89,34,7.52
447,Nabire,ID,2022-03-23 18:54:54,-3.3667,135.4833,75.43,91,100,3.31
448,Sevierville,US,2022-03-23 18:54:55,35.8681,-83.5618,82.69,36,20,23.02
449,San Jose De Guanipa,VE,2022-03-23 18:54:55,8.8872,-64.1651,93.24,27,2,11.21
450,Pocone,BR,2022-03-23 18:54:55,-16.2567,-56.6228,92.46,47,47,9.66
451,Manbij,SY,2022-03-23 18:54:56,36.5281,37.9549,45.3,52,89,6.49
452,Kindu,CD,2022-03-23 18:54:56,-2.95,25.95,69.73,94,94,2.59
453,Ouesso,CG,2022-03-23 18:54:56,1.6136,16.0517,82.76,45,99,2.62
454,Malanje,AO,2022-03-23 18:54:19,-9.5402,16.341,65.28,91,66,0.51
455,Labuhan,ID,2022-03-23 18:54:57,-6.8844,112.2051,79.57,86,100,6.53
456,Micheweni,TZ,2022-03-23 18:54:57,-4.9667,39.8333,81.19,80,15,10.54
457,Itoman,JP,2022-03-23 18:54:58,26.1247,127.6694,64.42,77,100,9.22
458,Tarko-Sale,RU,2022-03-23 18:55:58,64.9225,77.785,2.48,97,25,10.74
459,Bagn,NO,2022-03-23 18:55:58,60.8225,9.5521,32.88,90,23,4.65
460,Dingle,PH,2022-03-23 18:51:22,10.9995,122.6711,76.44,81,7,5.88
461,Chifeng,CN,2022-03-23 18:55:59,42.2683,118.9636,33.85,71,12,4.59
462,Labytnangi,RU,2022-03-23 18:55:59,66.6572,66.4183,17.65,87,100,8.16
463,Noyabrsk,RU,2022-03-23 18:56:00,63.1994,75.4507,11.66,95,100,9.82
464,Cayenne,GF,2022-03-23 18:56:00,4.9333,-52.3333,79.09,1,75,9.22
465,Mentakab,MY,2022-03-23 18:56:00,3.4865,102.3516,75.52,97,83,0.27
466,Podor,MR,2022-03-23 18:56:01,16.6527,-14.9587,102.15,21,0,2.3
467,Masvingo,ZW,2022-03-23 18:56:01,-20.0637,30.8277,64.35,77,0,8.05
468,Itarema,BR,2022-03-23 18:56:02,-2.9248,-39.9167,78.08,85,100,11.45
469,Clarence Town,AU,2022-03-23 18:56:02,-32.5833,151.7833,67.95,95,100,2.93
470,Qom,IR,2022-03-23 18:56:03,34.6401,50.8764,59.67,38,0,4.5
471,Port-Gentil,GA,2022-03-23 18:56:03,-0.7193,8.7815,82.36,83,20,8.05
472,Kununurra,AU,2022-03-23 18:56:03,-15.7667,128.7333,80.58,94,98,2.3
473,Beidao,CN,2022-03-23 18:56:04,34.5686,105.8933,51.46,79,100,6.98
474,Thinadhoo,MV,2022-03-23 18:56:04,0.5333,72.9333,84.0,65,25,13.98
475,Sorong,ID,2022-03-23 18:56:05,-0.8833,131.25,78.03,85,100,5.79
476,Madaoua,NE,2022-03-23 18:56:05,14.073,5.96,88.56,12,3,8.28
477,Beyneu,KZ,2022-03-23 18:56:05,45.3167,55.2,36.25,52,0,5.55
478,Korla,CN,2022-03-23 18:56:06,41.7597,86.1469,49.55,29,100,11.48
479,Los Algarrobos,PA,2022-03-23 18:56:06,8.5,-82.4333,90.01,52,20,11.5
480,Port Maria,JM,2022-03-23 18:56:07,18.3685,-76.8895,90.05,78,3,18.19
481,Macusani,PE,2022-03-23 18:56:07,-14.0833,-70.4333,51.3,61,59,7.05
482,Hervey Bay,AU,2022-03-23 18:56:07,-25.2986,152.8535,71.02,88,10,15.99
483,Sucha Beskidzka,PL,2022-03-23 18:56:08,49.7419,19.5943,55.35,45,0,4.14
484,Yulara,AU,2022-03-23 18:53:56,-25.2406,130.9889,76.84,44,5,11.5
485,Vestmanna,FO,2022-03-23 18:56:08,62.1564,-7.1664,43.72,100,100,6.91
486,Fare,PF,2022-03-23 18:56:09,-16.7,-151.0167,80.89,72,99,13.94
487,Amberley,US,2022-03-23 18:56:09,39.2048,-84.428,68.31,80,100,5.99
488,Safford,US,2022-03-23 18:56:09,32.834,-109.7076,60.12,17,0,5.39
489,Dalby,AU,2022-03-23 18:56:10,-27.1833,151.2667,68.99,75,30,5.21
490,Taguatinga,BR,2022-03-23 18:56:10,-12.3857,-46.5711,82.67,63,100,1.32
491,Disna,BY,2022-03-23 18:56:10,55.568,28.1971,37.2,80,10,9.89
492,Mehran,IR,2022-03-23 18:56:11,33.1222,46.1646,71.85,28,5,6.24
493,Poum,NC,2022-03-23 18:51:24,-20.2333,164.0167,78.64,78,100,6.24
494,Nemuro,JP,2022-03-23 18:56:11,43.3236,145.575,31.8,90,100,5.66
495,Lompoc,US,2022-03-23 18:56:12,34.6391,-120.4579,87.01,64,20,5.75
496,Potiskum,NG,2022-03-23 18:56:12,11.7091,11.0694,85.44,15,100,12.28
497,Port Blair,IN,2022-03-23 18:56:13,11.6667,92.75,80.35,81,100,2.89
498,Mahajanga,MG,2022-03-23 18:56:13,-15.7167,46.3167,82.42,83,20,4.61
499,Wundanyi,KE,2022-03-23 18:57:13,-3.4019,38.364,65.71,81,0,7.14
500,Uusikaupunki,FI,2022-03-23 18:55:22,60.8004,21.4084,31.71,96,13,4.97
501,Beloha,MG,2022-03-23 18:57:14,-25.1667,45.05,74.17,82,0,11.34
502,Olafsvik,IS,2022-03-23 18:57:14,64.8945,-23.7142,41.54,97,100,15.17
503,Inta,RU,2022-03-23 18:57:15,66.0317,60.1659,18.82,89,99,21.09
504,Garowe,SO,2022-03-23 18:57:15,8.4054,48.4845,79.11,63,63,13.85
505,Banjar,ID,2022-03-23 18:57:15,-8.19,114.9675,78.21,92,98,2.62
506,Byron Bay,AU,2022-03-23 18:57:16,-28.65,153.6167,73.29,94,100,4.18
507,Port Huron,US,2022-03-23 18:57:16,42.9709,-82.4249,45.05,78,100,23.02
508,Oussouye,SN,2022-03-23 18:57:17,12.485,-16.5469,86.18,60,5,14.58
509,Nezhinka,RU,2022-03-23 18:57:17,51.7676,55.3694,19.56,93,0,4.47
510,Ixtapa,MX,2022-03-23 18:57:17,20.7,-105.2,89.87,14,19,8.05
511,Lazaro Cardenas,MX,2022-03-23 18:57:18,17.9583,-102.2,82.54,50,1,9.75
512,Valparaiso,CL,2022-03-23 18:57:18,-33.0393,-71.6273,71.24,60,0,17.27
513,Katsuura,JP,2022-03-23 18:52:25,35.1333,140.3,45.34,94,100,16.11
514,Lyaskelya,RU,2022-03-23 18:57:19,61.7667,31.0167,24.73,96,1,3.13
515,Dongsheng,CN,2022-03-23 18:57:19,39.8161,109.9776,41.36,36,100,10.8
516,Yenagoa,NG,2022-03-23 18:57:19,4.9247,6.2642,80.76,82,99,3.42
517,Kulu,TR,2022-03-23 18:57:20,39.0951,33.0799,32.67,60,14,4.0
518,La Rioja,ES,2022-03-23 18:57:20,42.25,-2.5,42.58,78,100,7.02
519,Kahului,US,2022-03-23 18:57:20,20.8947,-156.47,72.97,84,99,15.41
520,Saint-Marc,HT,2022-03-23 18:57:21,19.1082,-72.6938,84.4,55,10,12.06
521,Grindavik,IS,2022-03-23 18:57:21,63.8424,-22.4338,45.07,100,100,20.71
522,Balikpapan,ID,2022-03-23 18:57:21,-1.2675,116.8289,76.19,100,20,3.44
523,Luanda,AO,2022-03-23 18:57:22,-8.8368,13.2343,82.4,74,75,6.91
524,Ambilobe,MG,2022-03-23 18:54:20,-13.2,49.05,76.12,94,22,1.81
525,Tulle,FR,2022-03-23 18:57:23,45.3333,1.8333,43.03,60,4,3.02
526,Smila,UA,2022-03-23 18:57:23,49.2224,31.8871,46.89,58,0,1.01
527,Kawalu,ID,2022-03-23 18:57:23,-7.3817,108.2082,72.73,95,98,1.34
528,Oranjestad,AW,2022-03-23 18:57:24,12.524,-70.027,78.3,83,40,26.37
